,Survey,Clean_Text,Label
0,Dipertahankan,tahan,positif
1,Tidak ada udah sangat bagus,tidak ada sangat bagus,positif
2,Tetap semangat dan sabar dalam menyampaikan materi kepada siswa. semangat saya semangat juga bapak,semangat sabar materi siswa semangat semangat,positif
3,untuk praktikum berikutnya diperbanyak menggunakan alat,untuk praktikum banyak alat,negatif
4,Semoga kedepannya bisa lebih menjadi lebih baik dalam pembelajaran.,moga depan baik ajar,positif
5,"sudah cukup baik dalam mengajar, saat memberikan materi Siswa mudah memahami",cukup baik ajar saat materi siswa mudah paham,positif
6,sudah sangat bagus dalam mengajar meskipun kadang terlalu cepat dalam penyampaian materi,sangat bagus ajar kadang cepat sampai materi,negatif
7,menurut saya pak kalau menjelaskan materi jangan terlalu cepat,materi cepat,negatif
8,Saat menjelaskan agar tidak terlalu cepat,saat tidak cepat,negatif
9,Materi yang disampaikan cukup dapat dimengerti. dan guru pengampunya ramah dengan Siswa,materi yang cukup erti guru ampu ramah siswa,positif
10,Sudah baik mungkin perlu untuk memperjelas lagi dalam menyampaikan case atau contoh yang terjadi. untuk yang lainnya sudah baik bisa di pertahankan,baik untuk jelas contoh yang untuk yang baik tahan,positif
11,seharusnya bisa offline,offline,negatif
12,Dikurangi mengkritiknya,rang kritik,positif
13,Bu lain kali kalau menyampaikan materi jangan baca PPT bu karena kami sebagai Siswa juga bosan lamalama karena guru hanya baca ppt saja tanpa improvisasi.,bu materi baca powerpoint bu siswa bosan lamalama guru baca powerpoint improvisasi,negatif
14,baik terus tingkatkan,baik tingkat,positif
15,"Saran dari saya, Ibu Guru dapat menggunakan sistem pembelajaran yang baru dan efisien",saran guru sistem ajar yang efisien,positif
16,"Cara penyampain sudah baik, tetapi terkadang agak cepat dalam menjelaskan materi",penyampain baik terkadang cepat materi,negatif
17,"Tidak ada, Selama Pelajaran Sistem Operasi selalu lancar",tidak ada ajar sistem operasi lancar,positif
18,penjelasannya sangat jelas,jelas sangat,positif
19,"Lebih ditingkatkan lagi dari segi pengajaran dan pembelajaran, terima kasih.",tingkat segi ajar ajar terima kasih,positif
20,"Untuk sebelum pemberian tugas besar pengganti UAS lebih baik dikasih materi terlebih dahulu ,agar waktu pengerjaan tugas besar tidak bingung",untuk beri tugas ganti uji akhir semester baik kasih materi waktu kerja tugas tidak bingung,negatif
21,Sudah cukup baik semoga lebih baik,cukup baik moga baik,positif
22,"Tambah fasilitas yang menunjang pembelajaran seperti kursi yang baik, televisi untuk presentasi",fasilitas yang tunjang ajar kursi yang baik televisi untuk presentasi,positif
23,Saya seneng ikut kelas bapak. Respect pak,neng kelas hormat,positif
24,"dalam mengajar terkadang terlalu cepat tapi masih bisa mengikuti, kemudian ketika kuis soal yang diberikan level nya lebih hots dibandingkan soal latihan :)",ajar terkadang cepat ikut kuis yang level hots banding latih,negatif
25,tidak ada saran udah bagus,tidak ada saran bagus,positif
26,"belum ada saran, guru sangat baik dalam mengajari siswanya. mapel favorit.",belum ada saran guru sangat baik ajar siswa mata ajar favorit,positif
27,tugas nya mungkin bisa sedikit di kurangin terima kasih,tugas rangin terima kasih,negatif
28,"sangat baik semua, semoga kedepannya lebih baik lagi amin dan ibunya sabar banget ngadepin yang belom paham hehe terimakasih ibu",sangat baik moga depan baik amin ibu sabar sangat ngadepin yang belum paham wkwkwk terimakasih,positif
29,baiik,baik,positif
30,konsisten untuk cara pengajaran nya pak karena mudah dipahami,konsisten untuk ajar mudah paham,positif
31,No question,no question,positif
32,"Tetap semangat dan sabar dalam menyampaikan materi kepada siswa, tidak semua Siswa mempunyai latar belakang pemahaman alpro yang sama. semangat saya semangat juga bapak",semangat sabar materi siswa tidak siswa latar paham alpro yang semangat semangat,positif
33,Sejauh ini belum ada,jauh ini belum ada,positif
34,"Secara keseluruhan cara penyampaian Ibu sudah bagus dan bisa saya mengerti, Ibu juga sudah tepat waktu datang di kelas untuk mengajar pada jam mataPelajaran yang sekolahtentukan.",sampai bagus erti waktu kelas untuk ajar jam mata ajar yang sekolah tentu,positif
35,tetap semangat untuk mendidik Siswa nya enggeh bu :),semangat untuk didik siswa enggeh bu,positif
36,buk sangat telaten dalam penyampaian materi kepada siswa/i,sangat teliti sampai materi siswa siswi,negatif
37,"sudah bagus pak, mungkin nilai kuiz nya bisa di spill dikit pak",bagus nilai kuiz spill,positif
38,Diharapkan kelas mtl ini bisa dilakukan secara offline agar materinya lebih tersampaikan dengan baik,harap kelas mtl ini offline materi baik,negatif
39,harapan saya kepada guru pengampu ketika mengganti jam Pelajaran harap dikonfirmasi sehari sebelumnya,harap guru ampu ganti jam ajar harap konfirmasi hari,negatif
40,untuk latihan soal sebaiknya disesuaikan dengan materi yang ada jangan terlalu susah dan jangan terlalu mudah,untuk latih sesuai materi yang ada susah mudah,negatif
41,"Bu guru kurang memenuhi beberapa aspek seperti pola pembelajaran, lebih baiknya jika cara mengajar lebih dijelaskan serta sedikit mendetail agar siswa/i bisa memahami apa yang sedang diajarkan dan tidak hanya mendengarkan record pembelajaran dari kelas sebelumnya",bu guru kurang penuh aspek pola ajar baik ajar detail siswa siswi paham yang ajar tidak dengar rekam ajar kelas,negatif
42,semoga kalo ketemu di semester depan bisa di nerf sedikit tugastugasnya jangan terlalu overpowered tugas nya,moga ketemu semester nerf tugastugasnya overpowered tugas,positif
43,Sudah baik namun alangkah baiknya jika di saat pelajaran yg rumit dikasi jeda 10 menit.,baik alangkah baik saat ajar yang rumit kasi jeda menit,positif
44,Semoga guru lebih fokus lagi pada materi yang diajarkan,moga guru fokus materi yang ajar,positif
45,Guru sangat baik semoga berkah ilmu yang di ajarkan kepada kita semua aamiin,guru sangat baik moga berkah ilmu yang ajar amin,positif
46,Slow down bu otak saya gakuat,slow down bu otak gakuat,positif
47,"udah bagus, semangat mengajarnya bu",bagus semangat ajar bu,positif
48,pembelajaran yang menyenangkan dan mudah dipahami.. makasiii bu,ajar yang senang mudah paham terimakasih bu,positif
49,terimakasih buuu,terimakasih bu,positif
50,Tidak ada sudah bagus:),tidak ada bagus,positif
51,"Mohon maaf Pak sebelumnya, untuk kedepan nya lebih kan lagi interaksi kepada Siswa agar Siswa lebih tertarik dan paham akan materi yang dibawakan, mungkin dengan menjelaskan contoh materi atau gambaran secara langsung yang dijelaskan di papan tulis lebih sering lagi, terima kasih untuk bimbingan nya selama satu semester ini, semoga ilmu yang diberikan bisa menjadi untuk Bapak dan bermanfaat bagi saya dan temanteman sekalian, aamiin",maaf untuk depan interaksi siswa siswa tarik paham materi yang bawa contoh materi gambar yang papan tulis terima kasih untuk bimbing semester ini moga ilmu yang untuk manfaat teman teman amin,negatif
52,kedepannya bisa lebih baik lagi,depan baik,positif
53,sudah baik dalam pengajarannya,baik ajar,positif
54,cukup baik dalam mengajar,cukup baik ajar,positif
55,MUNGKIN UNTUK PENYAMPAIAN MATERINYA BISA DI TAMBAHI LAGI,untuk sampai materi tambah,negatif
56,Ibu Guru sudah cukup baik dalam berinteraksi,guru cukup baik interaksi,positif
57,"mungkin saran untuk asprak bisa diseleksi lagi, karena beberapa asprak masih kurang menguasai Pelajarannya. dan mungkin waktu praktikum bisa dibimbing, jangan hanya dikasih soal dan Siswa mengerjakan sendiri",saran untuk asprak seleksi asprak kurang kuasa ajar waktu praktikum bimbing kasih siswa,negatif
58,"terimakasih bu atas pengajaran yang maksimal, semoga ilmu yang diberikan dapat memberikan manfaat bagi Siswa dan semoga ibu mendapatkan balasan lebih atas kebaikan yang telah diberi kepada kita oleh tuhan yang maha esa",terimakasih bu ajar yang maksimal moga ilmu yang manfaat siswa moga balas baik yang tuhan yang maha esa,positif
59,"Saya berharap bapak guru memberikan tugas sesuai dengan proporsi dan kemampuan siswa,",harap guru tugas sesuai proporsi mampu siswa,negatif
60,guru menguasai materi,guru kuasa materi,positif
61,Semoga lift lantai 1 di aktifkan kembali,moga lift lantai aktif,positif
62,"mungkin spidol nya pak lebi terang lagi tinta nya,yang bagian belakang kadang tidak jelas melihat tulisan bapak.",spidol terang tinta nyayang kadang tidak tulis,negatif
63,tidak ada saran,tidak ada saran,positif
64,Semoga kedepannya lebih baik lagi,moga depan baik,positif
65,dari saya mungkin materi yang diberikan minimal dikasih pendahuluan pak.. biar kita juga tau akan melangkah kemana,materi yang minimal kasih dahulu tau lang mana,negatif
66,"Tidak ada kritik ibu, soalnya ibu sudah baik dalam mengajar membuat Siswa lebih aktif.",tidak ada kritik baik ajar siswa aktif,positif
67,Untuk guru pengampu saya ada sedikit kritik dan saran. Ibu mohon untuk management waktu diperbaiki kembali saya bukan menyalahkan melainkan saya sedikit kebingungan dari manajemen waktu yang ibu sampai kan ke kami. Selalu berubah ubah jadi mohon untuk kedepannya mungkin bisa di perbaiki kembali,untuk guru ampu ada kritik saran untuk management waktu baik salah bingung manajemen waktu yang ubah ubah untuk depan baik,negatif
68,bagus,bagus,positif
69,semangat buat bapak ibu guru makasih atas bimbingannya sehat terus,semangat untuk guru makasih bimbing sehat,positif
70,Sudah sangat baik dalam proses pembelajaran di kelas. Semoga kedepannya tetap seperti ini.,sangat baik proses ajar kelas moga depan ini,positif
71,"sangat ramah dan suka berdiskusi, terimakasih atas bimbingan nya pak",sangat ramah suka diskus terimakasih bimbing,positif
72,Sudah sangat baik dalam pembelajaran,sangat baik ajar,positif
73,"sangat baik dalam penyampain materi dan menguasai materinya mengenai Pelajaran ICT, tetapi terkadang terlalu banyak slide yang mungkin bebrapa tidak perlu di jelaskan secara detail",sangat baik penyampain materi kuasa materi ajar ict terkadang slide yang bebrapa tidak detail,negatif
74,Semoga menjadi lebih baik lagi,moga baik,positif
75,Jaga kesehatan,jaga sehat,positif
76,Cukup.,cukup,positif
77,Pak kalau bisa tugas nya jangan seminggu sekali,tugas minggu,negatif
78,"Mungkin ini bukan saran sih hanya pendapat saja dari saya untuk guru tidak tetap saja , karena kalo guru tetap di saya rasa sudah cukup mumpuni dalam menguasai materi yg disampaikan dan juga penyampaiannya cukup baik.",ini saran sih dapat untuk guru tidak guru cukup mumpuni kuasa materi yang sampai cukup baik,positif
79,dalam hal pengajaran sudah baik,ajar baik,positif
80,Guru sudah menyampaikan materi dan berkomunikasi dengan siswa dengan sangat baik,guru materi komunikasi siswa sangat baik,positif
81,pembelajaran yangdi sanpaikan oleh bapaknya sangat dipahami dan metode pembelajaran yang dipakai sesuai pemahaman siswanya,ajar yangdi sanpaikan bapak sangat paham metode ajar yang pakai sesuai paham siswa,negatif
82,Tidak dan kedepanya lebih baik lagi,tidak depa baik,positif
83,Kasih Praktek sekalian bu,kasih praktek bu,positif
84,"nada berbicara saat menjelaskan lebih semangat lagi supaya walaupun pembelajaran online, Siswa tetap semangat untuk mendengarkan materi",nada bicara saat semangat ajar online siswa semangat untuk dengar materi,positif
85,"Tidak ada, pengajaran beliau bagus sekali",tidak ada ajar beliau bagus,positif
86,"Dari saya, bapak guru sudah menggunakan sistem pembelajaran yang baru dan efisien, sehingga penyampaian materi dapat mudah dipahami.",guru sistem ajar yang efisien sampai materi mudah paham,positif
87,Kalau bisa pak pembelajaran nya dilaksanakan di Lab. Komputer. Terimakasih,ajar laksana lab komputer terimakasih,positif
88,Tidak asa,tidak asa,negatif
89,lebih interaktif terhadap Siswa dan siswinya,interaktif siswa siswi,negatif
90,gaada saran bu.. sudahh sangattt baik hehehhe,tidak ada saran bu sangat baik hehehhe,positif
91,Mantap bu,mantap bu,positif
92,lebih jelas penyampain an nya,penyampain an,positif
93,Untuk saat ini tidak ada,untuk saat ini tidak ada,positif
94,Kedepan lebih tegas dalam pembelajaraan biar mahasiwa rajin dalam Pelajaran,depan pembelajaraan mahasiwa rajin ajar,positif
95,dalam penyampaian materi begitu baik karena materi yang disampaikan bisa jelas,sampai materi baik materi yang,positif
96,Refrensi CRUDS pada web petani kode kurang lengkap.,refrensi cruds web tani kode kurang lengkap,negatif
97,Semangat terus bu,semangat bu,positif
98,Tugas nya klo bisa lebih dipermudah,tugas mudah,negatif
99,penyampaian materi kurang baik,sampai materi kurang baik,negatif
100,klo terlambat jangan disuruh nyanyi dong bu hehe,lambat perintah nyanyi bu wkwkwk,positif
101,semoga kedepannya lebih ramah lagi kepada Siswa,moga depan ramah siswa,positif
102,konsisten untuk cara pengajaran nya,konsisten untuk ajar,positif
103,Menurut saya bapak memberikan metode belajar yang sangat baik sehingga Siswa dapat mudah mengerti dan tidak bosan belajar daring seperti sekarang ini. Cara mengajarnya sangat interaktif dan mudah di mengerti.,metode ajar yang sangat baik siswa mudah erti tidak bosan ajar daring ini ajar sangat interaktif mudah erti,positif
104,Mampu lebih mengoreksi atas eksekusi yang di lakukan Siswa sehingga semua mampu memahami materi,koreksi eksekusi yang laku siswa paham materi,negatif
105,saran saya untuk guru pengampu yakni tetap melakukan pembelajaran dengan sangat baik,saran untuk guru ampu ajar sangat baik,negatif
106,baik Gurunya,baik guru,positif
107,semangat mengajar ibuu,semangat ajar,positif
108,Topp bapak,topp,positif
109,Saran saya kepada ibu bapak Guru. Kalau tidak ada kelas / belajar mandiri hendaknya dikabari pagi pagi. Jangan mepet mepet kelas. Karena kasian yang rumahnya jauh sudah ada disekolah terus kelasnya kosong,saran guru tidak ada kelas ajar mandiri kabar pagi pagi mepet mepet kelas kasi yang rumah ada seko kelas kosong,negatif
110,kemampuan Guru dalam Menjabarkan Materi Sudah Sangat Baik,mampu guru jabar materi sangat baik,positif
111,Penyampaian materinya masih kurang sering tidak ada kelas,sampai materi kurang tidak ada kelas,negatif
112,Tidak ada saran karena sudah baik,tidak ada saran baik,positif
113,Praktikum sebenarnya tidak terlalu efektif untuk pembelajaran,praktikum tidak efektif untuk ajar,negatif
114,Memberi materi yang penerapannya berhubungan dengan jurusan,materi yang terap hubung jurus,negatif
115,Semoga semakin tahun bertambah dan umur bertambah ibu tetap menjadi guru yang baik dan semakin disukai oleh Siswa,moga tahun tambah umur tambah guru yang baik suka siswa,positif
116,"Pak ,saya tidak berkomenta tentang apapun.",tidak komentar apa,positif
117,Kerenn,kerenn,positif
118,Guru sangat baik,guru sangat baik,positif
119,Tidak ada metode pembelajaran sudah bagus,tidak ada metode ajar bagus,positif
120,makasih banyak pak,makasih,positif
121,Baik,baik,positif
122,be Better,be better,positif
123,"cara guru berinteraksi dengan Siswa sangat baik walaupun pembelajaran dilakukan secara online, apalagi pada saat sesi tanya jawab jika Siswa kurang bisa menjawab maka guru dengan sigap menambahkan jawaban agar Siswa paham mengenai materi yang telah diberikan",guru interaksi siswa sangat baik ajar online saat sesi siswa kurang guru sigap siswa paham materi yang,negatif
124,Penyampaian materi bisa diberi materi berupa video pembelajaran.,sampai materi materi video ajar,negatif
125,pembelajaran selama satu semester ini menurut saya sudah cukup baik,ajar semester ini cukup baik,positif
126,"Secara keseluruhan cara penyampaian Ibu sudah bagus dan bisa saya mengerti, Ibu juga sudah tepat waktu datang di kelas untuk mengajar pada jam mataPelajaran yang sekolah tentukan.",sampai bagus erti waktu kelas untuk ajar jam mata ajar yang sekolah tentu,positif
127,maaf bu Semoga kedepannya bisa lebih baik lagi dalam berinteraksi dengan Siswa sehingga Siswa bisa lebih enjoy lagi dalam mengikuti materi yang disampaikan,maaf bu moga depan baik interaksi siswa siswa senang ikut materi yang,negatif
128,"Secara keseluruhan penjelasan yang disampaikan sangat baik, tapi lebih baik jika diadakan offline.",jelas yang sangat baik baik ada offline,positif
129,Semangat Pak,semangat,positif
130,"Semoga bu bisa memperhatikan lebih lagi mengenai bahan materi, untuk diupload ke elearning",moga bu perhati bahan materi untuk unggah elearning,negatif
131,cukup baik,cukup baik,positif
132,Penjelasan lebih detail dan membahas soalsoal,jelas detail bahas soal soal,positif
133,mungkin PPT bisa diperbesar lagi karena tulisannya kecilkecil.,powerpoint besar tulis kecilkecil,negatif
134,"tidak ada, terima kasih pak selama satu semester ini, sehat selalu pak .",tidak ada terima kasih semester ini sehat,positif
135,"Perfect, meski agak deg2 an takut ditanya",sempurna deg an takut,positif
136,"Soal final projectnya semoga mirip sama contoh soal pak, terimakasih pak",final projectnya moga contoh terimakasih,positif
137,mungkin jangan percaya Siswa bilang sudah paham pak karena kita kadang juga belum pahaam hehehe,percaya siswa bilang paham kadang belum pahaam hehe,negatif
138,Cara mengajarnya sangat interaktif dan mudah di mengerti. Saya berharap bapak bisa meningkatkan lagi,ajar sangat interaktif mudah erti harap tingkat,positif
139,"ibu menyampaikan materi Pelajaran begitu cepat, hal tersebut membuat kami kesulitan dalam memahami materi rumit yang seharusnya disampaikan pelanpelan.",materi ajar cepat sulit paham materi rumit yang perlahan,negatif
140,Terimakasih pak sudah banyak membantu untuk mempermudah memahami materi :D!,terimakasih bantu untuk mudah paham materi,positif
141,Saran saya adalah agar tetap memberikan dan menyampaikan materi yang terbaik,saran materi yang baik,positif
142,Semoga bisa lebih baik,moga baik,positif
143,Sehat2 terus pak!!!,sehat,positif
144,Kedepannya lebih baik,depan baik,positif
145,jelas dalam memberikan materi,materi,negatif
146,lebih asik dalam berinteraksi dengan Siswa,asik interaksi siswa,negatif
147,Semoga kedapannya dapat lebih baik lagi,moga kedap baik,positif
148,"Semangat mengajar para siswa, bu",semangat ajar siswa bu,positif
149,"Tidak ada, saya senang diajar beliau",tidak ada senang ajar beliau,positif
150,mungkin bisa diberikan jawaban yang benar dari tugastugas yang sudah dikerjakan,yang tugas tugas yang,negatif
151,harapannya waktu menerangkan materi suara aga lebih keras sedikit,harap waktu terang materi suara aga keras,negatif
152,Lebih bagus lagi kalau dilaksanakan secara offline,bagus laksana offline,negatif
153,"santai tapi pasti, terima kasih telah mengajar dan mohon bantuannya untuk semester depan",santai terima kasih ajar bantu untuk semester,positif
154,sebaiknya lebih jelas dan pelanpelan dalam menjelaskan materi,perlahan materi,negatif
155,belajar dengan pak selalu membuka insight baru. Semoga kedepannya selalu begitu,ajar buka insight moga depan,negatif
156,perlu di tingkatkan,tingkat,positif
157,sudah baik Gurunya,baik guru,positif
158,"Sudah baik, serta dapat untuk ditingkatkan",baik untuk tingkat,positif
159,Ketika memberikan tugas lebih di perjelas lagi,tugas jelas,negatif
160,kurang efektif pembelajarannya,kurang efektif ajar,negatif
161,"Saran dari saya, semoga bapak dapat memperpanjang batas waktu pengumpulan tugas. Terima Kasih",saran moga panjang batas waktu kumpul tugas terima kasih,negatif
162,"tidak ada saran,Bu sangat baik saat menjelaskan dan menyampaikan materi di kelas.",tidak ada saran ibu sangat baik saat materi kelas,positif
163,semoga lebih baik dan sukses kedepannya bu,moga baik sukses depan bu,positif
164,semoga ibu sehat selalu,moga sehat,positif
165,semoga tetap begini dengan cara pembelajaran yang nyaman,moga ajar yang nyaman,positif
166,Menurut saya ibu sudah mengajar dan memberikan materi dengan baik sehingga Siswa dapat memahaminya,ajar materi baik siswa paham,positif
167,"Semoga kedepannya guru lebih baik lagi,dan menjadi panutan serta tauladan untuk siswanya.",moga depan guru baik lagi dan panutan tauladan untuk siswa,negatif
168,"Kedepannya bisa luring, supaya biss leluasa bertanya",depan luring biss leluasa,negatif
169,Baik baik baik,baik baik baik,positif
170,Untuk guru pengajar tertentu agar diberikan materi sebelum diberikan soalsoal,untuk guru ajar materi soal soal,negatif
171,Diusahakan untuk memberitahu kepastian jam Pelajaran online atau offline minimal sehari sebelum Pelajaran dimulai,usaha untuk memberitahu pasti jam ajar online offline minimal hari ajar,negatif
172,"Sejauh ini tidak ada saran dari saya. Pak sangat baik dalam menerangkan, santai tetapi serius sehingga suasa menyenangka saat di kelas, terima kasih saya ucapkan untuk pak .",jauh ini tidak ada saran sangat baik terang santai serius suasa nangka saat kelas terima kasih ucap untuk,positif
173,sangatt baik,sangat baik,positif
174,Pertahankan apa yang sudah baik,tahan yang baik,positif
175,Terimakasih Pak atas Kebaikannya,terimakasih baik,positif
176,berikan teori terbaru untuk sebuah pendapat,teori baru untuk dapat,negatif
177,Semoga lebih baik lagi pak dalam mengajarnya,moga baik ajar,positif
178,sehat selalu pak:),sehat,positif
179,Permisi bu mau kasih saran mohon kalau dikelas lebih murah senyum bu dan lebih bisa berinteraksi kepada kami para Siswa non kedaireka bu kami juga ingin lebih banyak interaksi dengan ibu ataupun ibu respon cukup membuat kami bahagia seakan kami ada didalam kelas tersebut terima kasih,permisi bu kasih saran kelas murah senyum bu interaksi siswa non kedaireka bu interaksi respon cukup bahagia akan ada dalam kelas terima kasih,negatif
180,kurang dikit,kurang,negatif
181,dalam menyampaikan materi lebih diperdalam&detail,materi diperdalamdetail,negatif
182,"tidak ada saran, materinya cukup mudah dipahami",tidak ada saran materi cukup mudah paham,positif
183,Pembelajaran lebih fleksibel lebih bagus,ajar fleksibel bagus,positif
184,Terima kasih untuk para guru,terima kasih untuk guru,positif
185,Lebih baik dalam mengajar,baik ajar,positif
186,Baik pertahankan ibu,baik tahan,positif
187,"Tidak ada saran dari saya, karena menurut saya bapak sudah sangat baik dalam mengajar mulai dari menerangkan secara online maupun offline. Materi pun juga sudah di tampilkan di e learning secara lengkap dan rapi sehingga membantu kami sebagai Siswa jika ingin mereview materi. Terima kasih banyak untuk pak .",tidak ada saran sangat baik ajar terang online offline materi tampil ajar lengkap rapi bantu siswa mereview materi terima kasih untuk,positif
188,kalau bisa pembelajarannya dilakukan secara offline,ajar offline,negatif
189,no comment,no komentar,positif
190,"sangat cukup dan semoga kedepannya mampu memberikan toleransi keterlambatan, kekurangan kepada Siswa",sangat cukup moga depan toleransi lambat kurang siswa,negatif
191,"Guru online terus jadi Siswa susah menangkap materi atau menguasai , guru juga terkadang suka mendadak memberikan kabar kejelasan kelas",guru online siswa susah tangkap materi kuasa guru terkadang suka dadak kabar jelas kelas,negatif
192,Tetap jaga metode pembelajarannya,jaga metode ajar,negatif
193,Sudah sangat baik tidak ada saran,sangat baik tidak ada saran,positif
194,Dimohon kepada guru untuk tidak menunda jam Pelajaran yang sudah ditentukan. Ketika Siswa melakukan responsi dimohon untuk memberi respon dan memberi pembenaran pada pengerjaan. Terimakasih telah memberi ilmu di semester ini.,mohon guru untuk tidak tunda jam ajar yang tentu siswa responsif mohon untuk respon benar kerja terimakasih ilmu semester ini,negatif
195,pertemuan Pelajaran mungkin bisa disesuaikan lagi dengan jadwal dari sekolah,temu ajar sesuai jadwal sekolah,negatif
196,Sehat selalu dan terus bertambah rezekinya¿¿¿¿¿¿¿¿,sehat tambah rezeki,positif
197,Semangat terus pak,semangat,positif
198,"tidak ada saran,pak the best¿¿¿¿",tidak ada saran pak the best,positif
199,sering hadir lagi,hadir,negatif
200,mengajarkan materi secara lebih rinci lagi,ajar materi rinci,positif
201,Cukup baik tapi tolong lebih dijelaskan materi nya,cukup baik tolong materi,positif
202,Semoga lebih baik lagi dalam mengajar,moga baik ajar,positif
203,Pembelajaran asik,ajar asik,positif
204,"Kami merasa Bapak/Ibu menjelaskan materi dengan terlalu cepat, sehingga kami tidak sempat mencatat materi.Agar kami bisa mencatat dan memahami materi dengan baik, kami menyarankan Ibu untuk menjelaskan materi dengan lebih perlahan",bapak ibu materi cepat tidak catat materiagar catat paham materi baik saran untuk materi perlahan,negatif
205,"udah sangat baik, lebih perlahan mengajarnya",sangat baik perlahan ajar,positif
206,"Lebih Menekan Dan Mencari Siswa yang belum menguasai di bidang tersebut,agar Siswa bisa mengejar materi yang sekiranya tidak bisa menjadi bisa, kadang ada juga Siswa yang ingin bertanya tapi sungkan dengan temannya yang pintar mungkin itu saja terima kasih",tekan cari siswa yang belum kuasa bidang tersebutagar siswa kejar materi yang tidak kadang ada siswa yang sungkan teman yang pintar terima kasih,negatif
207,Terimakasih bapak/ibu guru untuk pegajaran dan pelajaran selama 1 semester ini.,terimakasih bapak ibu guru untuk pegajaran ajar semester ini,positif
208,Penyampaian materi lebih di perjelas,sampai materi jelas,negatif
209,mungkin sesekali bisa diiringi belajar sambil games,iring ajar main,positif
210,Kedepannya bisa lebih baik,depan baik,positif
211,"Terlalu banyak bercandaan, dan penjelasannya kurang runtut",canda jelas kurang runtut,negatif
212,Suka dengan pembelajaran bu tentunya selain mudah mengerti juga penyampaian dan tampilan yang baik. Saran saya yaitu perlunya saat praktikum di jelaskan melalui coding langsung jangan hanya mengetik coding yang di layar.,suka ajar bu mudah erti sampai tampil yang baik saran saat praktikum coding etik coding yang layar,positif
213,untuk penjelasan materi sdh sangat baik,untuk jelas materi sangat baik,positif
214,Semoga lebih baik lagi,moga baik,positif
215,semoga pada penjelasan selanjutnya lebih baik,moga jelas baik,positif
216,untuk dari segi mengajar sudah bagus dan tugas juga sudah baik,untuk segi ajar bagus tugas baik,positif
217,secara keseluruhan penyampain materi sangat baik:),penyampain materi sangat baik,positif
218,TETAP SEMANGAT MEMBIMBING KAMI DAN BAIKK,semangat bimbing baik,positif
219,Semangat selalu bu :),semangat bu,positif
220,"mohon untuk mempertimbangkan dalam mengajar menggunakan metode penjelasan+praktikum dalam 1 pertemuan. karena selama ini penjelasan ada di awal semester, sedangkan praktikum ada di akhir semester. sehingga Siswa tidak mengerti selama mereka praktikum, mereka sedang melakukan apa, karena mereka hanya mengikuti langkah2 praktikum.",untuk timbang ajar metode penjelasanpraktikum temu ini jelas ada semester praktikum ada semester siswa tidak erti praktikum ikut langkah praktikum,negatif
221,Agar cara mengajarnya lebih menarik dan baik lagi,ajar tarik baik,positif
222,"mohon untuk diluluskan dalam kulian matematika optimasi dan mendapatkan nilai yang bagus, terimakasih bu",untuk lulus kuli matematika optimasi nilai yang bagus terimakasih bu,positif
223,kalau ngomong jangan cepet cepet bu,bicara cepat cepat bu,negatif
224,Penyampaian materi agak sedikit cepat namun masih dapat dimengerti,sampai materi cepat erti,negatif
225,saran saya selama pembelajaran satu semester udah baik dengan penyampaian materi untuk kedepannya tetap dipertahankan agar suasana pembelajaran lebih nyaman,saran ajar semester baik sampai materi untuk depan tahan suasana ajar nyaman,positif
226,"Menurut saya, jika mengaja beliau bisa mempertegas suara dalam menyampaikan materi",aja beliau tegas suara materi,negatif
227,"Lebih banyak lagi referensi materi yang sesuai serta model model pemrograman yang sesuai, datang tepat waktu sesuai jadwal agar tidak mengganggu waktu selanjutnya",referensi materi yang sesuai model model pemrograman yang sesuai waktu sesuai jadwal tidak ganggu waktu,negatif
228,untuk kedepannya semoga datang tepat waktu,untuk depan moga waktu,positif
229,sudah sangat baikk dan asik,sangat baik asik,positif
230,Tetap semangat dan sabar dalam menyampaikan materi kepada Siswa,semangat sabar materi siswa,positif
231,Volume suaranya agak dibesarkan dikit,volume suara besar,negatif
232,guru terkadang menghilang tibatiba tanpa memberi kabar sehingga komunikasi terhadap Siswa sangat kurang. kemudian ketika Siswa memberi pertanyaan ketika kelas terkadang jawaban guru tidak sesuai yang ditanyakan (terlalu berteletele),guru terkadang hilang tibatiba kabar komunikasi siswa sangat kurang siswa kelas terkadang guru tidak sesuai yang berteletele,negatif
233,"udah bagus, lebih semangat lagi mengajarnya pak",bagus semangat ajar,positif
234,guru menyampaikan materi dengan sangat baik dan efektif sehingga mudah untuk difahami oleh Siswa,guru materi sangat baik efektif mudah untuk paham siswa,positif
235,untuk materinya bisa di upload ke elearning.,untuk materi unggah elearning,negatif
236,Mungkin diadakan kelas offline sekali2,ada kelas offline,negatif
237,"Ibu menurut saya,saya tidak berkomentar tentang apapun.",sayasaya tidak komentar apa,positif
238,baik dalam pengajaran namun pak tidak pernah mengisi kbm,baik ajar tidak isi giat ajar ajar,positif
239,Secara keseluruhan cara penyampaian ibu sudah sangat baik dan mudah dimengerti serta ibu juga selalu tepat waktu datang di kelas untuk mengajar pada jam Pelajaran pengantar akuntansi.,sampai sangat baik mudah erti waktu kelas untuk ajar jam ajar antar akuntansi,positif
240,saran sudah cukup,saran cukup,positif
241,Kalau bisw mtk diadakan offline aja bu,bisw matematika ada offline bu,negatif
242,saran saya mencapaikan materi Pancasila sangat bisa dipahami,saran capai materi pancasila sangat paham,positif
243,"saran untuk bu , semoga jadi guru TI aminn...",saran untuk bu moga guru ti amin,positif
244,cara anda menyampaikan mudah dipahami,mudah paham,positif
245,Terima kasih atas ilmunya bu,terima kasih ilmu bu,positif
246,selalu mengawasi perkembangan Siswa,awas kembang siswa,positif
247,Terimaksih,terimakasih,positif
248,"Saya harap untuk beberapa bapak/ibu guru dapat menggunakan sistem pembelajaran secara luring, agar materi yang disampaikan dapat dipahami lebih mudah dan maksimal.",harap untuk bapak ibu guru sistem ajar luring materi yang paham mudah maksimal,negatif
249,Pengaturan jadwalnya kurang rapi,atur jadwal kurang rapi,negatif
250,Menjadi lebih baik lagi,baik,positif
251,Datang tepat waktu dengan kelas yang flexible,waktu kelas yang flexible,negatif
252,"Sudah cukup baik, ditingkatkan lagi dalam memaparkan materi agar bisa lebih menyenangkan",cukup baik tingkat papar materi senang,positif
253,"Proses Pelajaran sangat baik dan disiplin ,tidak ada saran",proses ajar sangat baik disiplin tidak ada saran,positif
254,Semangat ngajar pak,semangat ajar,positif
255,mungkin dalam hal mengajar selama online lebih di perbaiki lagi supaya mudah memahami materi terutama praktikum,ajar online baik mudah paham materi praktikum,positif
256,"Mohon maaf sebelumnya pak semisal memberi info kalau kelasnya menjadi daring bisa di berikan satu hari sebelumnya pak, karena banyak teman¿¿ yang sudah dateng ke sekolah",maaf info kelas daring teman yang dateng sekolah,negatif
257,Untuk suaranya ketika menjelaskan agak lebih santai lagi bu(:,untuk suara santai bu,negatif
258,"Tidak ada saran ataupun kritikan, Guru terbaik versi saya selama 1 semester saya sekolah",tidak ada saran kritik guru baik versi semester sekolah,positif
259,"Sehat selalu pak, bisa luring terus sampe wisuda pak¿¿¿¿",sehat luring wisuda,positif
260,"Pesan : Sehat selalu pak, Tidak ada kritik pak, Dan saya meminta maaf jika mempunyai salah kepada bapak. Sekali lagi terima kasih bapak.",pesan sehat tidak ada kritik maaf salah terima kasih,positif
261,Sudah cukup baik,cukup baik,positif
262,GK ada,tidak ada,positif
263,guru jos,guru bagus,positif
264,sangat baik dalam menyampaikan materi,sangat baik materi,positif
265,"Guru pengampu membawakan materi dengan nyaman dan baik, namun untuk waktu masih kurang sehingga beberapa kali ada kelas pengganti atau keteteran dalam mengejar materi yang tertinggal.",guru ampu bawa materi nyaman baik untuk waktu kurang ada kelas ganti beranta kejar materi yang tinggal,negatif
266,penyampaian baik cuma kurang bisa didengar,sampai baik kurang dengar,negatif
267,"sudah sangat baik dalam penyampaian materi mapel sistem digital ini,semoga bu sehat selalu",sangat baik sampai materi mata ajar sistem digital ini moga bu sehat,positif
268,sistem mengajarnya sudah baik,sistem ajar baik,positif
269,Semoga sehat selalu ¿¿¿¿,moga sehat,positif
270,Overall OK,ok,positif
271,Tetap menjadi orang yang menyenangkan bu,yang senang bu,positif
272,guru baik,guru baik,positif
273,semoga semester depan lebih niat dalam mengajar dan lebih menguasai materi yang di ajar. terimakasih.,moga semester niat ajar kuasa materi yang ajar terimakasih,positif
274,Menurut saya banyak materi Pelajaran ini yang saya rasa kurang mampu saya serap dikarenakan saya kesulitan fokus dan menangkap materi jika dilakukan secara online.,materi ajar ini yang kurang serap sulit fokus tangkap materi online,negatif
275,secara materi sudah lengkap dan penjelasan mudah dimengerti,materi lengkap jelas mudah erti,positif
276,Terimakasih untuk bu telah memberikan matei yang sangat baik dan materi berbahasa inggris sangat menarik.,terimakasih untuk bu mate yang sangat baik materi bahasa inggris sangat tarik,positif
277,perbanyak tugas buat latihan,banyak tugas untuk latih,negatif
278,"Tidak semua materi Pelajaran (file ppt) di upload ke elearning. Semoga kedepannya, kami (siswa) dapat akaes ke semua materi Pelajaran (file ppt), untuk belajar Pak",tidak materi ajar file powerpoint unggah elearning moga depan siswa akaes materi ajar file powerpoint untuk ajar,negatif
279,Tidak ada,tidak ada,positif
280,"PAK BAIK,, TERIMAKASIH",baik terimakasih,positif
281,tdk ada saran,tidak ada saran,positif
282,"semoga pak sehat selalu, dan terimakasih untuk ilmunya satu semester ini pak",moga sehat terimakasih untuk ilmu semester ini,positif
283,ok,ok,positif
284,"Sudah sangat baik, tingkatkan kualitas pengajaran",sangat baik tingkat kualitas ajar,positif
285,semoga bisa lulus dengan ilmu yang barokah,moga lulus ilmu yang barokah,positif
286,"Saran untuk guru pengampu apabila mengajukan soal di kelas, mempersilahkan Siswa yang belum pernah menjawab soal. Karena terdapat tipe Siswa yang cerdas tetapi pemalu, sehingga perlu dorongan guru pengampu untuk maju menjawab soal. Supaya poin keaktifan tidak diberikan kepada anak yang sama, dan pembagian poin dapat merata.",saran untuk guru ampu aju kelas silah siswa yang belum tipe siswa yang cerdas malu dorong guru ampu untuk maju poin aktif tidak anak yang bagi poin rata,negatif
287,"Pemberian Materi sudah baik, penugasan terlalu banyak menggunakan kertas. Ada beberapa teori yang masih cukup membingungkan untuk dipahami",beri materi baik tugas kertas ada teori yang cukup bingung untuk paham,negatif
288,Saya berharap meningkatkan materi pembelajaran,harap tingkat materi ajar,negatif
289,dalam menjelaskan jangan terlalu terburuburu dan lebih byk berinterkasi dg Siswa,buru buru byk berinterkasi siswa,negatif
290,Greater than before,lebih bagus than before,positif
291,"mohon untuk memberikan saya nilai B, terima kasih",untuk nilai terima kasih,positif
292,Sudah sangat baik terimakasih bapak dan ibu guru,sangat baik terimakasih guru,positif
293,Tetap semangat Pak/Bu,semangat bapak ibu,positif
294,orangnya baik banget,orang baik sangat,positif
295,"Secara keseluruhan pengajaran Pelajaran bu sudah sangat bagus. Dengan penguasaan materi dan penjelasan yang diberikan sangat jelas dapat menjawab ketidaktahuan kami, serta memberikan tambahan ilmu bagi kami. Terima kasih bu",ajar ajar bu sangat bagus kuasa materi jelas yang sangat ketidaktahuan tambah ilmu terima kasih bu,positif
296,Sangat amat baik,sangat baik,positif
297,Sudah sangat baik namun tetap ditingkatkan lagi kualitas nya,sangat baik tingkat kualitas,positif
298,"belum ada saran, guru sangat baik dalam mengajari siswanya.",belum ada saran guru sangat baik ajar siswa,positif
299,Untuk penyampainnya materi agak terlalu cepat. Terimakasih bu,untuk penyampainnya materi cepat terimakasih bu,positif
300,tidak ada karena sudah baik,tidak ada baik,positif
301,Semoga diberi kelancaran dalam mengajari kami,moga lancar ajar,positif
302,secara keseluruhan untuk penyampaian materi sudah baiik tetapi kami berharap segi pembelajarann praktikum lebih dijelaskan secara rinci,untuk sampai materi baik harap segi pembelajarann praktikum rinci,positif
303,semoga lebih sedikit memberikan tugas,moga tugas,negatif
304,dalam pembelajaran sudah cukup untuk mudah dipahami untuk Siswa,ajar cukup untuk mudah paham untuk siswa,positif
305,guru saat menjelaskan sangat cepat,guru saat sangat cepat,negatif
306,sudah cukup sangat baik Bu dalam penyampaian materi dan tugas,cukup sangat baik bu sampai materi tugas,positif
307,"Semoga kedepan nya lebih baik lagi dan memberikan yang terbaik kemudian kalau memberi tugas jangan terlalu sulit atau memberatkan siswa, sebelumnya maaf dan terima kasih.",moga depan baik yang baik tugas sulit berat siswa maaf terima kasih,positif
308,untuk tetap terus memberikan materi yang berkualitas,untuk materi yang kualitas,positif
309,"soal soal nya yg dkasih masyaAllah susah kali, terus banyak tugas :'v",yang dkasih masyaallah susah tugas,negatif
310,TERIMA KASIH BU ATAS ILMUNYA YANG BERMANFAAT,terima kasih bu ilmu yang manfaat,positif
311,sehat selalu pak,sehat,positif
312,sudah cukup baik menurut saya,cukup baik,positif
313,Untuk pak mohon untuk menguasai materi sehingga apabila ada pertanyaan tidak langsung dilempar ke google,untuk untuk kuasa materi ada tidak lempar google,negatif
314,Saran untuk pembelajaran Pelajaran elektromagnetika telekomunikasi adalah semoga semakin lebih baik lagi dalam menyampaikan materi,saran untuk ajar ajar elektromagnetika telekomunikasi moga baik materi,positif
315,Semngat,semangat,positif
316,sejauh ini tidak ada,jauh ini tidak ada,positif
317,"cara mengajarnya untuk selama satu semester ini sangat mudah dipahami dan mudah untuk dimengerti, semoga ilmu yang diberikan bermanfaat",ajar untuk semester ini sangat mudah paham mudah untuk erti moga ilmu yang manfaat,positif
318,tetap semangat pak guru untuk mengajar kita sebagai Siswa,semangat guru untuk ajar siswa,positif
319,Tetap semangat dan terimakasih.,semangat terimakasih,positif
320,Lebih menjelaskan detail,detail,positif
321,mohon maaf saat bapak menjelaskan materi di depan suara bapak sering tidak terdengar,maaf saat materi suara tidak dengar,negatif
322,kalau bisa pembelajaraanya dilakukan secara offline,pembelajaraanya offline,negatif
323,Top dalam hal penyampaian materinya dan asik,bagus sampai materi asik,positif
324,Ketidaksesuain strategi pembelajaran yang harusnya setelah pertengahan semester mempelajari tentang pengimplementasian data mining dengan coding,ketidaksesuain strategi ajar yang tengah semester ajar implementasi data mining coding,negatif
325,Materi yang diajarkan sangat mudah dipahami dan diaplikasikan.,materi yang ajar sangat mudah paham aplikasi,positif
326,Bu kalau jelasin cukup mudah buat dipahami,bu cukup mudah untuk paham,positif
327,sudah baik. saya menikmati Pelajaran Data Mining dengan Pak,baik nikmat ajar data mining,positif
328,metode pengajarannya sudah sangat baik,metode ajar sangat baik,positif
329,Saran saya lebih lagi mengasih toleransi untuk Siswa yang memiliki halangan saat terlambat,saran asih toleransi untuk siswa yang milik halang saat lambat,negatif
330,"terimakasih pak, selama proses pembelajaran berlangsung bapak sudah menjelaskan materi dengan baik dan dapat diterima dengan mudah",terimakasih proses ajar materi baik terima mudah,positif
331,"materinya sih enak, tapi kebanyakan tugas kelompok presentasi. apa itu strategi guru saat malas memberi materi?? hmmm menarikkk",materi sih banyak tugas kelompok presentasi strategi guru saat malas materi hm tarik,negatif
332,sangat baik sekali,sangat baik,positif
333,sudah mengajar dengan sangat baik,ajar sangat baik,positif
334,"Metode pembejaran yang hanya berfokus dengan bagaimana mengerjakan soal, jadi terkesan sama dengan cara pembejaran anak SMA",metode pembejaran yang fokus kes pembejaran anak sma,negatif
335,Tidk ada,tidak ada,positif
336,"Tidak ada, sudah sangat baik.",tidak ada sangat baik,positif
337,Saran agar memberi kelonggaran untuk pengumpulan tugas,saran longgar untuk kumpul tugas,negatif
338,lebih bersabar dalam menghadapi Siswa,sabar hadap siswa,negatif
339,semoga kedepannya bisa lebih baik lagi dalam menyampaikan materi pembelajaran,moga depan baik materi ajar,positif
340,Agar lebih sabar lagi dalam memberi penyampaian materi agar para Siswa bisa lebih paham lagi,sabar sampai materi siswa paham,positif
341,Siap,,positif
342,sangat baik dalam penjelasan materi,sangat baik jelas materi,positif
343,Sekali kali Pelajaran offline pak,ajar offline,negatif
344,untuk pak sudah cukup baik penyampaian dan sangat memahami materi,untuk cukup baik sampai sangat paham materi,positif
345,"Gurunya sudah bagus menaruh jam istirahat di saat jam kelas, dan tentunya detail banget dalam penjelasan dan asik. tapi sayang saya nya yang kurang suka matematika.",guru bagus taruh jam istirahat saat jam kelas detail sangat jelas asik sayang yang kurang suka matematika,negatif
346,Memberitahu ke Siswa jika tidak ada kelas paling lambat 3 jam sebelum pelajaran dimulai,memberitahu siswa tidak ada kelas lambat jam ajar,negatif
347,Insyallah Tidak ada Cukup,insyallah tidak ada cukup,positif
348,Lebih tepat waktu dalam memberi materi yang dikirim di elearning,waktu materi yang kirim elearning,negatif
349,"Semoga bu tetap menjadi guru saya, karena cara mengajarnya sangat menyenangkan",moga bu guru ajar sangat senang,positif
350,Semoga kedepannya lebih menjelaskan secara detail dari materi nya bukan cuman sekedar ppt nya,moga depan detail materi cuman dar powerpoint,negatif
351,"kedepan nya di mohon agar guru bisa lebih menghandle semua Siswa agar tertib, terimakasih",depan guru menghandle siswa tertib terimakasih,negatif
352,kurang paham materinya,kurang paham materi,negatif
353,"Tidak ada, hanya saja lebih banyak untuk pertimbangan pertemuan offline saja.",tidak ada untuk timbang temu offline,negatif
354,tidak ada pak sangat baik sekali,tidak ada sangat baik,positif
355,Menjelaskan pelanpelan santai tetapi tetap berbobot dan membuat paham siswa(i),perlahan santai bobot paham siswa siswi,negatif
356,guru joss pol,guru bagus sangat,positif
357,Mungkin diadakan kelas offline jadi lebih baik,ada kelas offline baik,negatif
358,lebih semangat dalam mengajar,semangat ajar,positif
359,Interaksi dengan murid ditingkatan,interaksi murid tingkat,negatif
360,Sudah Cukup Baik Walaupun Full Online Materi yang disampaikan bisa diresapi dan dopahami,cukup baik penuh online materi yang resap dopahami,positif
361,Mungkin materi penjelasan lebih komplek lagi,materi jelas komplek,positif
362,terimaksih bu,terimakasih bu,positif
363,Semngat ibu !!,semangat,positif
364,Tetap dipertahankan dalam menyampaikan materi di kelas karena mudah di pahami,tahan materi kelas mudah paham,positif
365,"mungkin kalau masalah elearning bisa diinfokan kembali di grub, karena elearning tidak ada notif. untuk pembelajarannya sudah sangat cukup baik",elearning info grub elearning tidak ada notif untuk ajar sangat cukup baik,positif
366,"Tidak ada saran. Hanya ingin menyampaikan terima kasih sebesarbesarnya telah membantu, pak",tidak ada saran terima kasih sebesarbesarnya bantu,positif
367,untuk saat ini tidak ada mungkin di penyampaian materi saja yang lebih ditingkatkan supaya pembelajaran menjadi lebih menarik minat,untuk saat ini tidak ada sampai materi yang tingkat ajar tarik minat,positif
368,Semakin baikkk amiin,baik amin,positif
369,"Tidak ada saran karena menurut saya interaksi, Materi, dan sistem ajar mengajar sudah cukup baik",tidak ada saran interaksi materi sistem ajar ajar cukup baik,positif
370,Mungkin kedepannya pemaparan materi bisa lebih jelas beserta contoh soalnya pelan2 sehingga bisa benar2 paham,depan papar materi serta contoh perlahan paham,positif
371,Semangat terus bu,semangat bu,positif
372,mantap seru menyenangkan,mantap seru senang,positif
373,"permisi pak , saya mau komplain masalah lift pak, soal nya di igracias tidak ada kusioner untuk kritik saran",permisi komplain lift igracias tidak ada kusioner untuk kritik saran,positif
374,no comment bu de best,no komentar bu de best,positif
375,Sarannya untuk lebih interaktif dengan Siswa saat memberikan pembelajaran agar tidak jenuh.,saran untuk interaktif siswa saat ajar tidak jenuh,negatif
376,"sangattt baik buat pak , semnagat dan terimakasih",sangat baik untuk semnagat terimakasih,positif
377,good,bagus,positif
378,Materi yang disampaikan pada akhirnya kurang jelas dikarenakan banyaknya materi dari berbagai tamu dari berbagai perusahaan yang dipresentasikan kepada jumlah Siswa yang banyak,materi yang kurang banyak materi tamu usaha yang presentasi siswa yang,negatif
379,Semoga bisa semakin lebih baik lagi kedepannya,moga baik depan,positif
380,Semoga metode pembelajaran yang bagus dapat dipertahankan,moga metode ajar yang bagus tahan,positif
381,mungkin tidak ada saran sekian terimakasih.,tidak ada saran sekian terimakasih,positif
382,tetap baik,baik,positif
383,lebih rajin lagi untuk mengajar di jam yg tepat,rajin untuk ajar jam yang,negatif
384,jika menerangkan materi jangan cepat cepat apalagi kimia online maka Siswa susah nangkep materi tersebut,terang materi cepat cepat kimia online siswa susah nangkep materi,negatif
385,"tidak pernah menyampaikan materi, sehingga kurangnya pemahaman Siswa dalam Pelajaran ini, tugas juga tidak jelas",tidak materi kurang paham siswa ajar ini tugas tidak,negatif
386,Menurut saya semua guru pengampu dikelas saya sudah sangat baik,guru ampu kelas sangat baik,positif
387,ditambah lagi praktiknya,tambah praktik,negatif
388,"kalau semester depan ada tugas kelompok, kelompoknya milih sendiri aja bu, sudah kapok dengan kelompok tubes kemarin",semester ada tugas kelompok kelompok milih bu kapok kelompok tubes kemarin,negatif
389,"Lebih jelas lagi mengajar alpro, karena susah pak:(",ajar alpro susah,negatif
390,"Saran dari saya mungkin tetaplah menjadi bu yang sekarang yaitu ramah, menyampaikan materi dengan baik dan interaktif, serta jangan telat lagi bu masuk ke kelas",saran tetap bu yang ramah materi baik interaktif lambat bu kelas,positif
391,semoga jurusan ds 02 lulus mapelnya amiinnn..,moga jurus ds lulus mata ajar amin,positif
392,"pembelajaran perilaku organisasi dengan bu cukup tersampaikan ke siswa, saran saya sebaiknya isi ppt yang disamapikan mungkin bisa diubah dengan bahasa yang mudah dipahami",ajar perilaku organisasi bu cukup siswa saran isi powerpoint yang disamapikan ubah bahasa yang mudah paham,negatif
393,mungkin jika lebih banyak melakukan praktikum secara langusng daripada pemberian materi teori saja Siswa bisa jadi ebih paham tentang materi Pelajaran IoT,praktikum langusng beri materi teori siswa ebih paham materi ajar iot,negatif
394,"Mungkin diadakan kelas pengganti jika ada Pelajaran LTI yang libur, materi diupload ke elearning",ada kelas ganti ada ajar lti yang libur materi unggah elearning,negatif
395,Sudah terlalu sempurna,sempurna,positif
396,saran saya pembelajaran offline / tatap muka sering di lakukan,saran ajar offline tatap muka laku,negatif
397,"Materi diupload di elearning, jika pembelajaran dilakukan secara online, sebaiknya suara narasumber lebih keras lagi dan berada pada jaringan yang stabil",materi unggah elearning ajar online suara narasumber keras jaring yang stabil,negatif
398,lebih baik dalam menyampaikan pembelajaran,baik ajar,positif
399,Semoga konsisten terus Pak,moga konsisten,positif
400,"tidak ada, terima kasih bu",tidak ada terima kasih bu,positif
401,lebih baik kedepannya,baik depan,positif
402,sudah cukup,cukup,positif
403,cara penyampaian kurang baik,sampai kurang baik,negatif
404,Sudah sangat baik dalam membantu menyelesaikan kerja praktik,sangat baik bantu selesai praktik,positif
405,Semoga lebih sabar lagi dalam memberi penyampaian materi perihal tentang jurnal,moga sabar sampai materi perihal jurnal,positif
406,"Tidak ada,berharap next mapel ketemu lagi sama pak guru satu ini,keren pak",tidak adaberharap mata ajar ketemu guru inikeren,positif
407,Dalam memberikan materi pak sudah sangat baik,materi sangat baik,positif
408,Mohon untuk tidak memberikan informasi secara mendadak,untuk tidak informasi dadak,negatif
409,penyampaian materi sudah cukup baik dan terimakasik untuk satu semester ini.,sampai materi cukup baik terimakasik untuk semester ini,positif
410,Tidak ads,tidak ads,positif
411,Good service,bagus service,positif
412,aman,aman,positif
413,sudah mencukupi,cukup,positif
414,baik dalam menjelaskan materi,baik materi,positif
415,nothing,nothing,positif
416,Semoga bisa lebih baik lagi,moga baik,positif
417,"Harus mengajarkan akuntansi yg benarbenar dasar dulu & bagaimana penerapannya. Kami tidak bisa langsung, Harus bertahap",ajar akuntansi yang benar benar dasar terap tidak tahap,negatif
418,materi sudah saya terima dengan baik dan benar semoga bisa lebih baik untuk kedepanya amin,materi terima baik moga baik untuk depa amin,positif
419,sebaiknya di semester depan di ajar oleh bapak lagi,semester ajar,positif
420,mohon untuk lebih interaktif dengan Siswa saat menjeaskan materi,untuk interaktif siswa saat menjeaskan materi,negatif
421,"tidak ada bu, sudah terbaikk",tidak ada bu terbaikk,positif
422,"Menurut saya matematika lebih baik belajar secara offline, karena jika secara online banyak halangan jadi lebih susah untuk dimengerti",matematika baik ajar offline online halang susah untuk erti,negatif
423,Semoga lebih sabar lagi dalam memberi penyampaian materi yang ada,moga sabar sampai materi yang ada,positif
424,The best guru,the best guru,positif
425,Tetap semangat dalam mengajar,semangat ajar,positif
426,"slidenya jangan banyak banyak pak, karena jika kebanyakan saya sudah tidak fokus.terimakasih pak",slidenya banyak tidak fokusterimakasih,negatif
427,Best,best,positif
428,"Rincian materi yang diberi mungkin agak terlalu luas, seperti ceramah dengan jamaah",rincian materi yang luas ceramah jamaah,negatif
429,Ketika ada tugas terkadang tempat pengumpulan di elearning nya belum diberikan,ada tugas terkadang kumpul elearning belum,negatif
430,semoga menjadi lebih baik dan ramah lagi,moga baik ramah,positif
431,PAK BAIK BANGET MASHA ALLAH,baik sangat masha allah,positif
432,pembelajaran selama satu semester ini menurut saya sudah sangat baik. benar2 paham kodingan web,ajar semester ini sangat baik paham kodingan web,positif
433,Keren Buu,bagus,positif
434,Lebih ditingkatkan lagi menjadi guru yang lebih baik,tingkat guru yang baik,positif
435,Saya berharap bapak meningkatkan lagi metode pembelajarannya agar kelas nya lebih atraktif,harap tingkat metode ajar kelas atraktif,negatif
436,gaada soalnya ibu guru favoritku :),tidak ada guru favorit,positif
437,"Dalam penyampaian materi sudah sangat bagus, mungkin kedepannya lebih ditingkatkan lagi",sampai materi sangat bagus depan tingkat,positif
438,Semoga makin semangat bu,moga semangat bu,positif
439,Volume suaranya agak besarkan dikit,volume suara besar,negatif
440,"Karena kelas nya bu online ditambah dengan pelajaran matematika, menurut saya memang tidak cocok di sana kami merasakan tidak bisa memahami pembelajarannya karena kalau matematika mestinya kelas offline.",kelas bu online tambah ajar matematika tidak cocok rasa tidak paham ajar matematika mesti kelas offline,negatif
441,lebih tegas jika ada yang mengulur waktu,ada yang ulur waktu,negatif
442,"tidak ada saran, guru sudah sangat baik",tidak ada saran guru sangat baik,positif
443,MANTAP,mantap,positif
444,Tetap pertahankan cara mengajarnya,tahan ajar,positif
445,Improve dong bang,improve bang,positif
446,materinya menarik dan perbanyak kelas offline,materi tarik banyak kelas offline,negatif
447,Lebih baik untuk kedepannya,baik untuk depan,positif
448,"jika berkenan, Bapak/Ibu guru mungkin bisa menghadirkan variasi mengajar baru dengan memberikan isuisu relevan pada masa kini yang berkaitan juga dengan Pelajaran yang diajarkan",kenan bapak ibu guru hadir variasi ajar isu isu relevan yang kait ajar yang ajar,negatif
449,lebih aktif dalam kegiatan Pelajaran sehingga materi bisa disampaikan secara maksimal,aktif giat ajar materi maksimal,positif
450,"Bu keren, semangat buuu",bu bagus semangat bu,positif
451,Semoga lebih baik kedepannya dalam berbagai bidang,moga baik depan bidang,positif
452,Sudah mantap pak tidak ada saran,mantap tidak ada saran,positif
453,saran saya mungkin guru memberikan variasi metode pembelajaran yang lebih lg dalam mengajar,saran guru variasi metode ajar yang ajar,negatif
454,"Kami merasa sulit berkomunikasi dengan ibu melalui whatsapp, karena ibu jarang membalas pesan kami.",sulit komunikasi whatsapp jarang balas pesan,negatif
455,"sebelumnya mohon maaf pak, mohon untuk penulisan di papan agak diperbesar lagi, soalnya kadang terlalu kecil pakk. Terima kasih",maaf untuk tulis papan besar kadang terima kasih,positif
456,"Untuk bu selaku asisten mapel Pancasila, terima kasih atas penyampaiannya yang rinci & mudah untuk dipahami siswa, selalu sabar menghadapi kami. Sehat selalu, bu",untuk bu asisten mata ajar pancasila terima kasih sampai yang rinci mudah untuk paham siswa sabar hadap sehat bu,positif
457,semoga kedepannya lebih sedikit humoris,moga depan humoris,positif
458,"dari awal semester kelas diadakan melalui zoom meeting namun itu tidak mengganggu proses penyampaian materi , karena penjelasan yang diberikan cukup mudah dimengerti",semester kelas ada zoom kumpul tidak ganggu proses sampai materi jelas yang cukup mudah erti,negatif
459,Dari saya tidak ada saran karena guru pengampu sudah sangat baik dalam kegiatan belajar mengajar,tidak ada saran guru ampu sangat baik giat ajar ajar,positif
460,berharap besar untuk guru untuk tetap mengajar di statistika,harap untuk guru untuk ajar statistika,negatif
461,"terimakasih atas ilmunya pak , namun pendapat dari saya yaitu, untuk memberikan kami Pelajaran dengan konsep bukan diskusi dan lebih menjurus ke materi yang dijelaskan langsung dengan bapak, mohon maaf dan terimakasih pak",terimakasih ilmu dapat untuk ajar konsep diskusi jurus materi yang maaf terimakasih,positif
462,"Untuk lebih memberikan pertemuan secara luring, karena lebih efektif untuk dapat mempelajari materi.",untuk temu luring efektif untuk ajar materi,negatif
463,Belum punya saran karena sudah cukup baik,belum saran cukup baik,positif
464,"Pembelajaran agama semester kali ini sudah sangat baik, selain agama ini kami ikuti karena sebagai bagian dari Pelajaran, pembelajaran agama ini juga mampu meningkatkan iman saya terkhususnya Iman Kristen saya",ajar agama semester ini sangat baik agama ini ikut ajar ajar agama ini tingkat iman khusus iman kristen,positif
465,saran mungkin untuk suara lebih keras dan untuk penjelasan materi mungkin bisa dibuat seperti pola belajar di bimbingan online Ruang Guru,saran untuk suara keras untuk jelas materi pola ajar bimbing online ruang guru,negatif
466,"Mohon maaf pak, terkadang jika melalu zoom jaringan kita yang jelek. bukan kita yang tidak dapat mengoperasikannya",maaf terkadang zoom jaring yang jelek yang tidak operasi,negatif
467,Mantap lanjutkan,mantap lanjut,positif
468,Makin lebih baik lagi,baik,positif
469,Saran : Pelajaran di laksanakan secara offline,saran ajar laksana offline,negatif
470,dikurang in yaa pak jarang masuk nya,kurang in iya jarang,negatif
471,"tidak ada saran, tapi saya mau minta maaf saya jarang masuk di Pelajaran ibu",tidak ada saran maaf jarang ajar,positif
472,Sudah baik dan untuk kedepannya bisa lebih baik lagi,baik untuk depan baik,positif
473,"Kemampuan mengajar secara keseluruhan sangat baik, akan lebih baik jika memprioritaskan Siswa yang kurang dalam memahami materi yang rumit dan sulit",mampu ajar sangat baik baik prioritas siswa yang kurang paham materi yang rumit sulit,negatif
474,Sebaiknya Kelas OFFLINE dan memakai modul Berbahasa Indonesia,kelas offline pakai modul bahasa indonesia,negatif
475,Mampu memberikan kesimpulan materi secara garis besar ataupun memberikan kuis singkat dalam upaya pemahaman lebih untuk Siswa,simpul materi garis kuis singkat upaya paham untuk siswa,negatif
476,Lebih sabar dalam mengajarkan Siswa,sabar ajar siswa,positif
477,sebaiknya saat penyampaian materi dilengkapi dengan contoh nyata yang relevan dengan topik pembahasan,saat sampai materi lengkap contoh yang relevan topik bahas,negatif
478,Mantab bu,mantap bu,positif
479,Pak mungkin kalo mengajar mic nya agak dibesarin,ajar mic dibesarin,positif
480,menurut saya cara mengajar pak guru baik tapi alangkah baiknya pak guru harus sesekali memberikan cadaan pada saat diskusi,ajar guru baik alangkah baik guru cadaan saat diskusi,positif
481,Kedepannya diperbaiki lagi c: terimakasih ibu,depan baik terimakasih,positif
482,semoga bisa offline,moga offline,negatif
483,Jangan terlalu marah marah terus bu,marah marah bu,negatif
484,Cara mengajarnya sangat interaktif dan mudah di mengerti. Saya berharap bapak bisa meningkatkan lagi.,ajar sangat interaktif mudah erti harap tingkat,positif
485,Sangat Baik di dalam maupun di luar kelas Pelajaran,sangat baik kelas ajar,positif
486,Mohon di maklumi kalau saya terlambat bu soalnya kontrakan saya jauh kali anak,maklum lambat bu kontra anak,positif
487,Semoga kedepannya tugasnya menjadi dikit,moga depan tugas,negatif
488,karena saya rasa cara mengajarnya sudah baik jadi saran saya cukup mempertahankan cara mengajarnya saja,ajar baik saran cukup tahan ajar,positif
489,Tolong saat menjelaskan materi agak diperlambat karena saat pembelajaran online terkadang ada gangguan sinyal,tolong saat materi lambat saat ajar online terkadang ada ganggu sinyal,negatif
490,pada saat menjelaskan jangan terlalu cepatcepat.,saat cepat cepat,negatif
491,nilai A+ pak,nilai,positif
492,Terimakasih untuk bu telah memberikan materi pbo dengan sangat baik. Semoga kedepanya bisa mengatur jadwal sesuai rps.,terimakasih untuk bu materi pbo sangat baik moga depa atur jadwal sesuai rps,positif
493,"saya terkadang kurang mendengar suara dari Bapak, saran Saya, Bapak dapat lebih keras lagi dalam menyampaikan sehingga kami dapat lebih baik lagi dalam memahami materi",terkadang kurang dengar suara saran keras baik paham materi,negatif
494,saran saya pembelajarannya dilakukan secara offline,saran ajar offline,negatif
495,selama online asisten yang mengajar Pelajaran,online asisten yang ajar ajar,negatif
496,sudah baik,baik,positif
497,Dipertemuan berikut semakin lebih baik lagi dalam memberikan materi kepada siswa siswinya,temu baik materi siswa siswi,negatif
498,alhamudlilah,alhamudlilah,positif
499,Tidak ada ¿¿¿¿¿¿¿¿ pak the best ¿¿¿¿¿¿¿¿,tidak ada the best,positif
500,Saran saya semoga kedepannya lebih baik,saran moga depan baik,negatif
501,semoga dipembelajaran selanjutnya lebih baik,moga ajar baik,positif
502,nggada saran mantapppp,nggada saran mantap,positif
503,"Untuk keseluruhan sudah baik, mohon meningkatkan untuk jam Pelajaran pengganti ketika ada kelas yang kosong",untuk baik tingkat untuk jam ajar ganti ada kelas yang kosong,negatif
504,Terus semangat dalam mengajar pak,semangat ajar,positif
505,Sangat malam kalau memberi informasi di takutkan Siswa ketiduran menunggu informasi,sangat malam informasi takut siswa tidur tunggu informasi,positif
506,sangat sangat baik karena bikin Siswa cepet paham,sangat sangat baik siswa cepat paham,positif
507,"Semoga menjadi lebih baik untuk kedepannya & Agar Kedepannya Jika Mengajar Matematika / Statistika, Dimohon Untuk Offline Bu .. Kasihan TemanTeman Yang Masih Kurang Paham",moga baik untuk depan depan ajar matematika statistika mohon untuk offline bu kasihan teman teman yang kurang paham,negatif
508,"tidak ada, cukup baik",tidak ada cukup baik,positif
509,Untuk kedepannya mungkin dalam proses mengajar materi perhitungan lebih banyak penjelasan pada papan/secara tertulis,untuk depan proses ajar materi hitung jelas papansecara tulis,negatif
510,Terimakasih pak,terimakasih,positif
511,"untuk Pelajaran Pancasila semoga kedepannya bisa dilaksanakan pembelajran offline apabila situasi memungkinkan,saya berharap akan hal itu.",untuk ajar pancasila moga depan laksana pembelajran offline situasi memungkinkansaya harap,negatif
512,sudah baik tpi kadang penyampaian materi sedikit keluar dari konteks,baik kadang sampai materi konteks,negatif
513,mantab Pak,mantap,positif
514,lebih di tingkatkan lagi agar bisa menjadi lebih baik dan lebih baik lagi dari sebelumnya,tingkat baik baik,positif
515,Untuk saran tidak ada dikarenakan dalam membawa dan menjelaskan materi cukup baik,untuk saran tidak ada bawa materi cukup baik,positif
516,Semangat selalu Bu ! :),semangat bu,positif
517,"terimakasaih untuk ilmunya satu semester ini bu, dari tugas tugas yang diberikan itu sangat bisa menambah wawasan saya, dan semoga bu sehat selalu",terimakasaih untuk ilmu semester ini bu tugas tugas yang sangat tambah wawas moga bu sehat,positif
518,semoga mengajarnya lebih baik dari sebelumnya,moga ajar baik,positif
519,semangat terus bu terimakasih atas bimbingan nya,semangat bu terimakasih bimbing,positif
520,Semoga panjang umur,moga umur,positif
521,soalnya jangan terlalu sulit,sulit,negatif
522,Lebih meningkatkan kinerja,tingkat kerja,positif
523,Perfect,sempurna,positif
524,tetap semangat dalam mengajar di,semangat ajar,positif
525,bisa jadi lebih baik,baik,positif
526,Guru pengampu sangat menguasai materi namun karena dilaksanakan online sehingga kurangnya materi yang diterima.,guru ampu sangat kuasa materi laksana online kurang materi yang terima,negatif
527,Mungkin jika tidak hadir bisa digantikan dengan materi atau tugas,tidak hadir ganti materi tugas,negatif
528,"Menurut pendapat saya pribadi, praktikum sistem Terintegrasi II sangat tidak efektif terutama pada asisten labnya. Selama 1 semester ini jujur hanya 1 materi yang benar benar di ajarkan dan dibimbing pengerjaan nya oleh asisten. Selebihnya mereka kebanyakan menolak jika diajak asistensi bahkan menyepelekan. Ada diantara mereka yang mengatakan bahwa benar atau salah pengerjaan kami sebenarnya tidak dilihat dan diperdulikan, karena tetap akan mendapatkan nilai yang baik. Tapi memang hasil pengerjaan nya alakadarnya karena memangkurang pemahaman dan bimbingan. Saya harap ibu rizka bisa mempertimbangkan terkait asisten lab yang lama atau yang baru supaya kejadian serupa tidak terulang karena kami juga yang merasa dirugikan karena ketidak efektif an praktikum.",dapat pribadi praktikum sistem integrasi ii sangat tidak efektif asisten lab semester ini jujur materi yang ajar bimbing kerja asisten lebih banyak tolak ajak asistensi sepele ada yang salah kerja tidak duli nilai yang baik hasil kerja alakadarnya memangkurang paham bimbing harap rizka timbang kait asisten lab yang yang jadi tidak ulang yang rugi tidak efektif an praktikum,negatif
529,Alhamdulillah Baik,alhamdulillah baik,positif
530,lebih diperjelas lagi untuk materinya,jelas untuk materi,negatif
531,lebih ke menjelaskan lebih detail bu jangan kecepetan,detail bu kecepetan,positif
532,Yang penting ngisi,yang ngisi,negatif
533,"sudah baik, semoga kedepanya semakin baik",baik moga depa baik,positif
534,ridak ada,ridak ada,positif
535,"untuk pembelajarannya sudah cukup bagus, materi yang diajarkan sudah bagus sehingga Siswa mudah memahami materi yang diajarkan",untuk ajar cukup bagus materi yang ajar bagus siswa mudah paham materi yang ajar,positif
536,"Guru aljabar hanya bertemu saat zoom dan wa menjadi salah satu alat komunikasi bagi kami Siswa dan Guru, tetapi saat di wa selalu hanya dibaca dan tidak dibalas tanpa alasan yang jelas. Kedua, suara saat mengajar naik turun, kadang tinggi kadang kecil kadang banyak diamnya, sudah pernah mengatakan bahwa suara kurang keras namun beberapa hari kembali lagi suara mengecil. Ketiga, beberapa kali terdengar sedang makan sambil berbicara, itu membuat apa yang dikatakan jadi kurang jelas. Keempat, jika menanyakan sesuatu di zoom jawabannya seringkali kurang memuaskan, dan terkadang menjelaskan menggunakan katakata yang belibet sehingga tidak dapat dipahami. Tidak semua anak pandai/mengerti aljabar, jadi mohon guru dapat membantu dengan mengajar lebih baik lagi dengan katakata yang mudah dipahami dan dengan jawaban yang benarbenar menjawab saat Siswa bertanya, bukan hanya sekedar bilang seperti yang saya jelaskan tadi, kalau sudah mengerti kami tidak akan bertanya bu ¿¿¿¿¿¿¿¿",guru aljabar temu saat zoom whatsapp salah alat komunikasi siswa guru saat whatsapp baca tidak balas alas yang suara saat ajar turun kadang tinggi kadang kadang diam suara kurang keras suara kecil tiga dengar makan bicara yang kurang empat zoom jawab seringkali kurang muas terkadang katakata yang belibet tidak paham tidak anak pandaimengerti aljabar guru bantu ajar baik katakata yang mudah paham yang benar benar saat siswa dar bilang yang erti tidak bu,negatif
537,"Kinerja guru pengampu sudah sangat baik, saran untuk beberapa guru mungkin dapat ditingkatkan kehadirannya dalam kelas atau setidaknya memberi materi pada elearning tepat waktu agar mahsiswa tidak terkejut jika materinya baru diupload di akhirakhir semester",kerja guru ampu sangat baik saran untuk guru tingkat hadir kelas materi elearning waktu mahasiswa tidak kejut materi unggah akhirakhir semester,negatif
538,Untuk kedepannya lebih ditingkatkan lagi dalam penyampaian nya terimakasih kepada Bapak/Ibu guru telah mengajar dengan baik,untuk depan tingkat sampai terimakasih bapak ibu guru ajar baik,positif
539,"Terkadang saya merasa bu agak kurang menerima tanggapan dari siswa, tapi itu terkadang mungkin karena Bad mood",terkadang bu kurang terima tanggap siswa terkadang buruk mood,negatif
540,Saya berharap bapak bisa meningkatkan lagi,harap tingkat,positif
541,"bu . baik banget, makasi bu ilmu nya",bu baik sangat terimakasih bu ilmu,positif
542,Terimakasih sudah mengajar selama 1 semester,terimakasih ajar semester,positif
543,"hanya mau bilang terimakasih bu sudah mengajar selama semester 3 ini, semoga rejekinya lancar dan sehat selalu aamiin",bilang terimakasih bu ajar semester ini moga rejekinya lancar sehat amin,positif
544,"baik, terimakasih pak",baik terimakasih,positif
545,Lebih interaktif lagi dengan Siswa dan siswinya,interaktif siswa siswi,negatif
546,semangat mengajarnya,semangat ajar,positif
547,Semoga lebih baik ke depannya^^,moga baik depan,positif
548,sangat baik dalam penyampaian materi kepada siswa/i,sangat baik sampai materi siswa siswi,positif
549,untuk pembelajaran sudah cukup baik,untuk ajar cukup baik,positif
550,pertahankan cara mengajarnya pak,tahan ajar,positif
551,Agar mempelajari lebih lagii materi yang mau di ajarkan,ajar lagi materi yang ajar,negatif
552,Penyampaian materi lebih baik dan jelas kedepannya,sampai materi baik depan,positif
553,baguss,baguss,positif
554,Kurang nya menerima kritik dari Siswa dan selalu memberikan tekanan saran saya lebih baik masuk kelas drpd online,kurang terima kritik siswa tekan saran baik kelas online,negatif
555,semoga sehat selalu bu,moga sehat bu,positif
556,"ketika menjelaskan materi, suaranya bisa lebih di keraskan agar Siswa di bagian belakang dapat mendengar apa yang disampaikan dengan jelas",materi suara keras siswa dengar yang,negatif
557,"ketika menyampaikan materi di zoom ditingkatkan lagi karena teman saya termasuk saya tidak faham apa yang ibu jelaskan, terlalu banyak jeda ketika menyampaikan materi, kurang semangat ketika menyampaikan materi, tidak menulis ulang tetapi langsung mencoretcoret di buku sehingga membuat kami sedikit binggung",materi zoom tingkat teman tidak paham yang jeda materi kurang semangat materi tidak tulis ulang mencoretcoret buku binggung,negatif
558,Guru top,guru bagus,positif
559,"semoga agak sering di beri tugas, supaya dibuat nilai kelulusan Pelajaran ini",moga tugas nilai kelulus ajar ini,positif
560,Lebih dikembangkan lagi,kembang,positif
561,"Sudah cukup baik, saran : materi yang disampaikan dengan memberikan contoh/kodingan yang dijelaskan satu eprsatu (rinci)",cukup baik saran materi yang contohkodingan yang eprsatu rinci,positif
562,Interaksi guru dengan Siswa sangat kurang dan kurangnya komunikasi antar Siswa,interaksi guru siswa sangat kurang kurang komunikasi siswa,negatif
563,"bu mungkin jika berhalangan hadir dapat konfirmasi sehari sebelum atau h jam, dan penyampaian materinya lebih jelas lagi. terimakasih bu",bu halang hadir konfirmasi hari jam sampai materi terimakasih bu,positif
564,"Sangat baik semua , tapi saya ada saran yaitu Saran saya jika ada pemilihan kelompok lebih baik dipilihkan oleh guru saja agar adil jadi tidak ada kata untuk yang pintar sendiri dan yg kurang pintar sendiri (kubu)",sangat baik ada saran saran ada pilih kelompok baik pilih guru adil tidak ada untuk yang pintar yang kurang pintar kubu,negatif
565,pour le plus grand bien,pour le plus grand bien,positif
566,"Informasi submit TA tidak konsisten, perlu di benahi lagi",informasi submit ta tidak konsisten benah,positif
567,no,no,positif
568,"Selama ini hanya bertemu Bu selaku guru pengganti, Bu sudah cukup baik dalam penyampaian materi sesuai RPS dan pembawaan yang sangat nyaman.",ini temu bu guru ganti bu cukup baik sampai materi sesuai rps bawa yang sangat nyaman,positif
569,Semoga kedepannya jadwal ibuknya dapat terkondisi sehingga tidak mengganggu kelas yang sedang di ajar atau pun kelas selanjutnya.,moga depan jadwal ibu kondisi tidak ganggu kelas yang ajar kelas,negatif
570,Terima kasih pak atas materi dan bimbingan yang diberikan selama satu semester ini.,terima kasih materi bimbing yang semester ini,positif
571,"MasyaAllah, Tetap semangat dan istiqomah bu!",masyaallah semangat istiqomah bu,positif
572,"Aslab bersikap baik dan materi diberikan sudah cukup baik, untuk pak sendiri memberikan tambahan info materi lebih mendetail dan itu cukup dan semoga konsisten.",aslab sikap baik materi cukup baik untuk tambah info materi detail cukup moga konsisten,positif
573,semoga lebih baik kedepannua,moga baik kedepannua,positif
574,Saya berharap bisa offline dan bertemu secara offline,harap offline temu offline,negatif
575,Tidak ada sudah cukup,tidak ada cukup,positif
576,"cukup baik bu, gaya pembelajaran yang interaktif serta menarik",cukup baik bu gaya ajar yang interaktif tarik,positif
577,mampu menguasai kelas dan lebih aktif dalam menyampaikan materi,kuasa kelas aktif materi,negatif
578,harapannya guru pembimbing 1 dan 2 saling terimtegrasi satu sama lain,harap guru bimbing terimtegrasi,positif
579,meningkatkan interaksi dan diskusi bersama Siswa,tingkat interaksi diskusi siswa,negatif
580,penyampain materi sangat jelas pak mantab,penyampain materi sangat mantap,positif
581,Lebih baik kedepannya,baik depan,positif
582,Udah baik,baik,positif
583,sangat baik dan jelas dalam pemberian materi,sangat baik beri materi,positif
584,info offline pak,info offline,negatif
585,"mungkin waktunya bisa ditambah, agar bisa diskusi lebih panjang an banyak ilmu yang didapat oleh Siswa",tambah diskusi an ilmu yang siswa,negatif
586,Respect buat Bu,hormat untuk bu,positif
587,tidak ada udah sangat bagus,tidak ada sangat bagus,positif
588,"cukup baik dalam menerangkan materi, untuk kedepannya mampu memberikan toleransi terkait kekurangan Siswa maupun keterlambatan Siswa",cukup baik terang materi untuk depan toleransi kait kurang siswa lambat siswa,negatif
589,Para guru pengampunan pelajaran udah baik dalam menjelaskan materi di kelas mungkin ada beberapa guru yang masih mengadakan Pelajaran online semoga semester depan tidak ada Pelajaran online lagi,guru ampun ajar baik materi kelas ada guru yang ada ajar online moga semester tidak ada ajar online,negatif
590,jadi guru lagi pak di semester depan,guru semester,positif
591,"Memperbanyak pengetahuan mengenai Cloud Computing dan memahami materi terlebih dahulu sebelum memberikan tugas pada siswa, mengurangi interaksi yang tidak penting seperti bercanda mengenai asmara dengan siswa. Pada saat praktikum pun akan lebih baik apabila guru bisa memberikan solusi jika terjadi kendala, penilaian pada saat tugas besar juga perlu ditingkatkan, seperti mereview terlebih dahulu tugas tersebut seperti apa sehingga tidak perlu memberikan komentar yang kurang relevan",banyak tahu cloud computing paham materi tugas siswa kurang interaksi yang tidak canda asmara siswa saat praktikum baik guru solusi kendala nilai saat tugas tingkat mereview tugas tidak komentar yang kurang relevan,negatif
592,mohon bersabar bu dengan teman teman,sabar bu teman teman,positif
593,"untuk pembelajaran nya pak kalau memberikan contoh untuk codingan nya itu pelan pelan pak, karena untuk pembelajaran kita semua",untuk ajar contoh untuk codingan perlahan perlahan untuk ajar,negatif
594,Pelajarannya sudah memuaskan,ajar muas,positif
595,"saya merasa kurang dalam materinya,terkadang praktek langsung,tetaapi dasarnya kurang dimengerti beserta fungsi dari setiap elemet/syntac yang diberikan",kurang materinyaterkadang praktek langsungtetaapi dasar kurang erti serta fungsi elemetsyntac yang,negatif
596,sehat selalu bu,sehat bu,positif
597,sudah baikk,baik,positif
598,dapat menerima pendapat Siswa,terima dapat siswa,negatif
599,udaa baik,udaa baik,positif
600,Mungkin jangan mendadak apa bila Guru merubah jadwal atau menjadi kelas Online,dadak guru rubah jadwal kelas online,negatif
601,mantap pakk,mantap,positif
602,Untuk Pengajaran Harap di Evaluasi,untuk ajar harap evaluasi,negatif
603,lebih mudah lagi dan jangan terburuburu ngejelasinnya soalnya saya kurang bisa menerima materi dengan cepat,mudah buru buru jelas kurang terima materi cepat,negatif
604,Ditingkatkan kembali,tingkat,positif
605,Guru tidak pernah ada dalam mapel,guru tidak ada mata ajar,positif
606,mungkin penjelasan ibu lebih di permudah lagi,jelas mudah,positif
607,Untuk saran tidak ada diikarenakan dalam mengajar dan menjelaskan materin sangat cukup baik,untuk saran tidak ada diikarenakan ajar materin sangat cukup baik,positif
608,Sejauh ini tidak ada saran,jauh ini tidak ada saran,positif
609,Dapat lebih mencairkan suasana di kelas,cair suasana kelas,negatif
610,penyampaian materi lebih enak lagi,sampai materi,positif
611,sedikit mengurangi kecepatan dalam penyampaian materi,kurang cepat sampai materi,negatif
612,Ditiadakan untuk menjadi Pelajaran wajib kedepanya,tiada untuk ajar wajib depa,positif
613,materi mungkin lebih diperjelas lagi,materi jelas,positif
614,mungkin waktu mareri bisa diselingi candaan atau interaksi dengan Siswa pak. terimakasih,waktu mareri ling canda interaksi siswa terimakasih,negatif
615,nice,bagus,positif
616,Yowes lah,yowes,positif
617,"Tidak ada saran, karena bu memang sabar dan seru dalam mengajar",tidak ada saran bu sabar seru ajar,positif
618,"tetap menjadi guru yang detail, sehingga metode pembelajaran mudah dimengerti dalam penyampaian materi oleh Siswa terutama impelemntasi praktikum.",guru yang detail metode ajar mudah erti sampai materi siswa impelemntasi praktikum,negatif
619,pak sudah menjelaskan materi dengan sangat jelas,materi sangat,positif
620,"Alhamdulillah, baik",alhamdulillah baik,positif
621,"semuanya baik, saya hanya mau bilang terimakasih pak sudah mengajar selama semester ini, semoga sehat selalu dan banyak rezekinya aamiin",baik bilang terimakasih ajar semester ini moga sehat rezeki amin,positif
622,Semoga kedepannya dalam proses pembelajaran lebih baik lagi,moga depan proses ajar baik,positif
623,Semoga semakin baik kedepannya,moga baik depan,positif
624,suaranya kalau bisa lebih jernih lagi karena waktu zoom kurang jelas dan terlalu banyak diam yang bisa membuat siswa/i cepat bosan,suara jernih waktu zoom kurang diam yang siswa siswi cepat bosan,negatif
625,Mungkin karena pembelajaran daring maka materi yang diajarkan kurang maksimal.,ajar daring materi yang ajar kurang maksimal,negatif
626,Guru favorit,guru favorit,positif
627,"Jika menjelaskan materi lebih jelas lagi pak agar lebih faham, terima kasih",materi paham terima kasih,positif
628,Semoga bisa dijelasin dengan praktik. Bukan asprak saja karena aspraknya juga masih belum pro,moga praktik asprak asprak belum pro,positif
629,mungkin untuk penggabungan kelasnya bisa lebih enak seperti di ruang kelas karena lebih fleksibel,untuk gabung kelas ruang kelas fleksibel,negatif
630,"Pemahaman saya terhadap materi yang diberikan kepada saya cukup baik, karena materi yang disampaikan cukup jelas serta kami juga bisa membaca lagi materi yg telah disampaikan melalui elaerning , Terimakasih telah mengajar saya di semester 1 ini.",paham materi yang cukup baik materi yang cukup baca materi yang elaerning terimakasih ajar semester ini,positif
631,Semoga kedepannya tetep semangat dalam mengajar Pelajaran TIK pak,moga depan tetep semangat ajar ajar tik,positif
632,saran saya untuk lebih mendetail secara materi,saran untuk detail materi,negatif
633,semoga guru dapat memberikan pembelajaran lebih menarik,moga guru ajar tarik,positif
634,semoga mengajar dengan baik lagi,moga ajar baik,positif
635,Dimohon untuk pak supaya lebih diperjelas kalau memberi tugas dan membahas lgi tugas yg telah diberikan,mohon untuk jelas tugas bahas tugas yang,negatif
636,Respect pak.,hormat,positif
637,Sebaiknya materi dijelaskan lebih rinci,materi rinci,positif
638,"maaf bu sebelum nya, saya benar benar kurang memahami apa yang ibu sampaikan , saya memahami mungkin ibu juga mengursi pekerjaan rumah juga, tap saya kurang bisa memahami cara penjelasan ibu, dan ketika ibu di beri masukan oleh Siswa kelas kami, ibu kurang bisa menerima padahal penyampaian kmi juga sopan",maaf bu kurang paham yang paham kursi kerja rumah tap kurang paham jelas masuk siswa kelas kurang terima sampai sopan,negatif
639,Sudah cukup dalam menyampaikan materi,cukup materi,positif
640,Pencapain materi udah lumayan pas dan mudah dipahami,pencapain materi lumayan pas mudah paham,positif
641,Tidak ada saran karena sudah sempurna menurut saya,tidak ada saran sempurna,positif
642,Lebih diperbanyak asprak cewe,banyak asprak cewe,negatif
643,jika ada tugas besar sebaiknya siswanya di anjung untuk konsultasi progress nya,ada tugas siswa anjung untuk konsultasi progress,negatif
644,Sehat selalu pak,sehat,positif
645,materi yang diberikan terkadang kurang di pahami karena penerapan yang di berikan kurang bisa maksimal,materi yang terkadang kurang paham terap yang kurang maksimal,negatif
646,Saya hanya Bingung UAS nya tiba tiba disuruh ngoding padahal dalam pembelajaran tidak diajarkan dalam Pelajaran dan mengakibatkan saya kebingungan untuk menggunakan metode untuk UaS yang saya jalankan,bingung uji akhir semester perintah coding ajar tidak ajar ajar akibat bingung untuk metode untuk uji akhir semester yang jalan,negatif
647,Mantab,mantap,positif
648,Keseluruhan cukup baik,cukup baik,positif
649,"saran dari saya, cara mengajar ibu guru baik jadi tidak ada saran",saran ajar guru baik tidak ada saran,positif
650,"Tidak ada saran. Terima kasih, pak.",tidak ada saran terima kasih,positif
651,"semangat pak , semoga lekas sembuh pak dan bisa mengajar lagi",semangat moga lekas sembuh ajar,positif
652,"Sudah sangat baik , semoga tetap konsisten seperti itu bu:)",sangat baik moga konsisten bu,positif
653,sabar bu,sabar bu,positif
654,"ngajar yang ikhlas pak, masa Siswa suruh liat tutor yt terus",ajar yang ikhlas siswa perintah liat tutor yt,negatif
655,saya susah paham materinya pak:),susah paham materi,negatif
656,"saya jarang lihat pak , tapi tidak apa apa, untuk bu cukup baik, penjelasannya jelas, saya suka",jarang tidak untuk bu cukup baik jelas suka,positif
657,i love you bu saranghae ¿¿¿,cinta you bu cinta,positif
658,Materi yang diberikan sudah jelas dan cara mengajar yang sudah baik dan interaktif. bisa dipertahankan,materi yang ajar yang baik interaktif tahan,positif
659,saran kepada ibu tidak ada soalnya sudah bagus,saran tidak ada bagus,positif
660,Lebih ditekankan untuk jadwal yang teratur,tekan untuk jadwal yang atur,negatif
661,Menjadi lebih baik lagi untuk kedepannya,baik untuk depan,positif
662,Dalan hal menerangkan pelajaran sangat jelas dan mudah untuk dipahami,dal terang ajar sangat mudah untuk paham,positif
663,sudah sangat baik dalam me ngajar sehingga saya cepat me mahali materi,sangat baik me ajar cepat me mahal materi,positif
664,sudah bagus dalam mengajar,bagus ajar,positif
665,Agar Siswa bisa lebih mudah memahami materi yang diberikan akan lebih efisien jika dilakukan live coding sembari dijelaskan,siswa mudah paham materi yang efisien live coding sembari,negatif
666,"Sebaiknya presensi dilakukan maksimal 15 menit setelah waktunya kelas dimulai, karena ada peraturan Siswa dianggap terlambat atau tidak datang jika lebih dari 15 menit setelah jam kelas dimulai.",presensi maksimal menit kelas ada atur siswa anggap lambat tidak menit jam kelas,negatif
667,Nicee,nicee,positif
668,"Saran saya, kalau mengajar supaya bisa lebih asik lagi bu",saran ajar asik bu,positif
669,Bisa offline,offline,negatif
670,"Beberapa tugas/project tidak diberikan feedback, jadi saya kurang tahu salah saya dimana dan hasil/nilai dari project tersebut kurang atau cukup",tugasproject tidak feedback kurang tau salah mana hasilnilai projek kurang cukup,negatif
671,Terima kasih pak,terima kasih,positif
672,sudah bagus,bagus,positif
673,Bisa ditingkatkan lagi,tingkat,positif
674,Ttidak ada,ttidak ada,positif
675,"semoga kedepanya bisa lebih baik, dan bisa memperbaiki apa yang menurut anda perlu diperbaiki",moga depa baik baik yang baik,positif
676,Sudah sangat baik. Terus berkembang . Terimakasih,sangat baik kembang terimakasih,positif
677,"saran untuk pak semoga kedepannya lebih lengkap untuk menyampaikan materi, dan semoga pak sehat selalu",saran untuk moga depan lengkap untuk materi moga sehat,positif
678,sangat sabar menghadaoi Siswa,sangat sabar menghadaoi siswa,positif
679,Jangan sulit sulit kalau memberi tugas bu,sulit sulit tugas bu,negatif
680,Bila menyampaikan materi saya sarankan untuk penyampaian yang mudah di pahami Siswa dan jangan banyak kata ee eee eee,materi saran untuk sampai yang mudah paham siswa ee,negatif
681,Penyampian materinya sangat jelas. Terimakasih bu atas ilmunya,penyampian materi sangat terimakasih bu ilmu,positif
682,Sangat baik dipertahankan,sangat baik tahan,positif
683,semoga Pak tidak pelit dalam memberikan nilai,moga tidak pelit nilai,positif
684,Terimakasih telah memberikan ilmu pada semester ini. Secara keseluruhan guru telah menyampaikan dengan sangat baik.,terimakasih ilmu semester ini guru sangat baik,positif
685,Semoga sehat selalu dan bertambah rezekinya,moga sehat tambah rezeki,positif
686,Semoga bisa lebih baik lagi dalam mengajar.,moga baik ajar,positif
687,"saya rasa konsep mengajarnya cukup baik, hanya Siswa dilepas untuk mencari referensi materi sendiri.",konsep ajar cukup baik siswa lepas untuk cari referensi materi,positif
688,Proses belajar mengajar kurang efektif,proses ajar ajar kurang efektif,negatif
689,tetap semangat pak,semangat,positif
690,tentang penyampaian materi,sampai materi,positif
691,Semoga lebih asik dalam pembelajarannya,moga asik ajar,positif
692,Mohon tepat waktu pak dalam mengajarnya,waktu ajar,negatif
693,Sudah sangat baik pak dalam menyampaikan materi,sangat baik materi,positif
694,Lebih melakukan pendekatan terhadap Siswa,dekat siswa,negatif
695,Semoga metode pembelajaran yang bermutu dan dipertahankan,moga metode ajar yang mutu tahan,positif
696,sarannya agar menciptakan metode pembelajaran yang tidak membosankan dikarenakan mataPelajaran manajemen sangat banyak sekali teori dan bacaannya,saran cipta metode ajar yang tidak bosan mata ajar manajemen sangat teori baca,negatif
697,terlalu sore jadwalnya,sore jadwal,negatif
698,Saran untuk pembelajaran Pelajaran pemrograman lanjut adalah semoga semakin lebih baik lagi dalam menyampaikan materi,saran untuk ajar ajar pemrograman moga baik materi,positif
699,tidak ada saran dari saya sekian terimakasih,tidak ada saran sekian terimakasih,positif
700,"Saya berharap ibu guru memberikan tugas sesuai dengan proporsi dan kemampuan siswa, sehingga tugas tersebut lebih optimal dan tidak membebani siswa/i dan penyampaian materi yg terlalu cepat",harap guru tugas sesuai proporsi mampu siswa tugas optimal tidak beban siswa siswi sampai materi yang cepat,negatif
701,Sudah baik silahkan dipertahankan,baik silah tahan,positif
702,Memberikan sebuah literatur agar Siswa lebih mudah dalam proses belajar,literatur siswa mudah proses ajar,negatif
703,ganti aja,ganti,negatif
704,Lebih baiik lagi,baik,positif
705,sangat cukup,sangat cukup,positif
706,tidak ada saran semua sangat baik,tidak ada saran sangat baik,positif
707,oke mantap,oke mantap,positif
708,Semangat meningkatkan kualitas,semangat tingkat kualitas,positif
709,Untuk saran menurut saya tidak ada karena pak sangat baik dalam mengajar,untuk saran tidak ada sangat baik ajar,positif
710,"saran dari saya , ibu guru lebih pelan pelan dalam memberikan materi Pelajaran sehingga saya dapat memahami dengan baik .",saran guru perlahan perlahan materi ajar paham baik,negatif
711,Semoga sehat selalu,moga sehat,positif
712,Memperbanyak latian soal dan mempraktikan langsung pada alat fisik maupun simulasi,banyak latian praktik alat fisik simulasi,positif
713,Seharusnya diadakan ofline aja sih,ada offline sih,negatif
714,terimakasih bu atas ilmu yang diberikan,terimakasih bu ilmu yang,positif
715,"Sudah baik, mungkin kedepannya sekolah bisa menyediakan buku fisik seperti sekolah lainnya",baik depan sekolah sedia buku fisik sekolah,positif
